day,net_flows,lock_tx_number,unlock_tx_number
2025-04-25 00:00:00.000 UTC,1100,1,0
2025-04-24 00:00:00.000 UTC,5773.854121501447,10,2
2025-04-23 00:00:00.000 UTC,-930,1,3
2025-04-22 00:00:00.000 UTC,-349.8987689778744,2,1
2025-04-21 00:00:00.000 UTC,2060,3,0
2025-04-19 00:00:00.000 UTC,-959.814199475263,2,1
2025-04-18 00:00:00.000 UTC,-493.67999999999995,1,3
2025-04-17 00:00:00.000 UTC,261.85642455474715,4,0
2025-04-16 00:00:00.000 UTC,-154.67142862138485,4,2
2025-04-15 00:00:00.000 UTC,-134.7408636469877,3,1
2025-04-14 00:00:00.000 UTC,-200,1,1
2025-04-13 00:00:00.000 UTC,1807.3937218946155,2,3
2025-04-12 00:00:00.000 UTC,-9.868159306524944,4,2
2025-04-11 00:00:00.000 UTC,31.97907384735513,1,0
2025-04-10 00:00:00.000 UTC,3135,3,1
2025-04-09 00:00:00.000 UTC,101199.99999999999,3,0
2025-04-08 00:00:00.000 UTC,112619.17927330999,3,1
2025-04-07 00:00:00.000 UTC,-2042,0,1
2025-04-06 00:00:00.000 UTC,-6333,0,8
2025-04-05 00:00:00.000 UTC,-450,0,3
2025-04-04 00:00:00.000 UTC,35.73973081259578,1,4
2025-04-03 00:00:00.000 UTC,-111.03671038860112,0,1
2025-04-02 00:00:00.000 UTC,3431.2227706283284,2,1
2025-04-01 00:00:00.000 UTC,-259.9,4,2
2025-03-31 00:00:00.000 UTC,-299.39428,1,1
2025-03-30 00:00:00.000 UTC,-450,1,1
2025-03-29 00:00:00.000 UTC,0,1,1
2025-03-28 00:00:00.000 UTC,165,2,0
2025-03-27 00:00:00.000 UTC,15.373652650217249,2,0
2025-03-26 00:00:00.000 UTC,-8438.818475844644,5,3
2025-03-25 00:00:00.000 UTC,-19274.38040435895,9,6
2025-03-24 00:00:00.000 UTC,-747.9283836106624,2,2
2025-03-23 00:00:00.000 UTC,8597,1,0
2025-03-22 00:00:00.000 UTC,-200,1,2
2025-03-21 00:00:00.000 UTC,-52.32801460688175,1,1
2025-03-20 00:00:00.000 UTC,56.36229705088024,4,0
2025-03-19 00:00:00.000 UTC,-5177.008856869999,0,2
2025-03-18 00:00:00.000 UTC,6.7570028817912124,1,0
2025-03-17 00:00:00.000 UTC,353.47186139579344,14,0
2025-03-16 00:00:00.000 UTC,-603.836583549622,3,1
2025-03-15 00:00:00.000 UTC,-800,0,1
2025-03-14 00:00:00.000 UTC,35,5,0
2025-03-13 00:00:00.000 UTC,1421.876007234996,7,1
2025-03-12 00:00:00.000 UTC,1776.4544698347747,18,0
2025-03-11 00:00:00.000 UTC,-3764.4911772592736,11,2
2025-03-09 00:00:00.000 UTC,-4232.000000000001,1,2
2025-03-08 00:00:00.000 UTC,-839.712736051036,0,2
2025-03-07 00:00:00.000 UTC,4134.829984407911,3,0
2025-03-06 00:00:00.000 UTC,564.3132,4,1
2025-03-03 00:00:00.000 UTC,-10127.607202538184,1,4
2025-03-01 00:00:00.000 UTC,-2178.1847680932588,0,4
2025-02-28 00:00:00.000 UTC,-174570.31251153993,0,5
2025-02-27 00:00:00.000 UTC,-253.09686001405476,3,1
2025-02-26 00:00:00.000 UTC,218.5924123625079,3,0
2025-02-25 00:00:00.000 UTC,-405.97958927519227,2,1
2025-02-24 00:00:00.000 UTC,102.32670923849854,1,0
2025-02-23 00:00:00.000 UTC,-1.5012989115937715e+06,1,4
2025-02-22 00:00:00.000 UTC,-1000,0,1
2025-02-21 00:00:00.000 UTC,956.8670858677606,4,2
2025-02-20 00:00:00.000 UTC,-179.20670673611687,0,1
2025-02-19 00:00:00.000 UTC,1154.7621644136614,3,0
2025-02-18 00:00:00.000 UTC,357.6705018291046,1,0
2025-02-17 00:00:00.000 UTC,-19109.500000000004,0,2
2025-02-16 00:00:00.000 UTC,-1831.8258752384102,0,5
2025-02-15 00:00:00.000 UTC,1863.3689780498182,3,1
2025-02-14 00:00:00.000 UTC,-1750,1,3
2025-02-13 00:00:00.000 UTC,-3349.4202955085148,4,4
2025-02-12 00:00:00.000 UTC,403.17571894168543,2,1
2025-02-11 00:00:00.000 UTC,-754.9320568715466,2,1
2025-02-10 00:00:00.000 UTC,9859.725469640565,2,1
2025-02-08 00:00:00.000 UTC,-200,0,1
2025-02-07 00:00:00.000 UTC,216.82183494119445,2,0
2025-02-06 00:00:00.000 UTC,1912.0374937334004,10,1
2025-02-05 00:00:00.000 UTC,-1447.7763512791962,2,2
2025-02-04 00:00:00.000 UTC,1000,3,0
2025-02-03 00:00:00.000 UTC,-50567.23535745994,1,1
2025-02-02 00:00:00.000 UTC,-1156,0,2
2025-02-01 00:00:00.000 UTC,-1820,0,10
2025-01-31 00:00:00.000 UTC,-7100,1,2
2025-01-30 00:00:00.000 UTC,-2394.3752857714653,2,5
2025-01-29 00:00:00.000 UTC,838.3533605088046,3,2
2025-01-28 00:00:00.000 UTC,-654.6671770660541,0,2
2025-01-27 00:00:00.000 UTC,20.541531391990077,1,2
2025-01-25 00:00:00.000 UTC,-3495.1740844287383,1,2
2025-01-24 00:00:00.000 UTC,125720,4,0
2025-01-23 00:00:00.000 UTC,1279.2498224846522,6,1
2025-01-22 00:00:00.000 UTC,-798.3242607654312,4,4
2025-01-21 00:00:00.000 UTC,237,4,2
2025-01-20 00:00:00.000 UTC,-101913.16443667718,3,2
2025-01-19 00:00:00.000 UTC,325,2,0
2025-01-18 00:00:00.000 UTC,9051.497485182976,2,0
2025-01-17 00:00:00.000 UTC,-1342.907234048741,1,3
2025-01-16 00:00:00.000 UTC,-1448.393995810322,1,1
2025-01-15 00:00:00.000 UTC,2317.1612598770594,10,1
2025-01-14 00:00:00.000 UTC,19151.49664658,9,4
2025-01-13 00:00:00.000 UTC,104407.19712559834,7,2
2025-01-12 00:00:00.000 UTC,-260,2,2
2025-01-11 00:00:00.000 UTC,-302.4254270065572,1,1
2025-01-10 00:00:00.000 UTC,213960.29600724115,8,1
2025-01-09 00:00:00.000 UTC,-427.83220284823574,4,2
2025-01-08 00:00:00.000 UTC,11104.719288774979,6,1
2025-01-07 00:00:00.000 UTC,1479.5217818656488,6,0
2025-01-06 00:00:00.000 UTC,5150,1,1
2025-01-05 00:00:00.000 UTC,-49312.10109827805,1,1
2025-01-04 00:00:00.000 UTC,209.11881958090845,3,1
2025-01-03 00:00:00.000 UTC,-2546.472732805508,5,6
2025-01-02 00:00:00.000 UTC,-116102.5846451302,2,4
2025-01-01 00:00:00.000 UTC,962.7898905033057,3,0
2024-12-30 00:00:00.000 UTC,-4697.0310365035975,3,1
2024-12-29 00:00:00.000 UTC,-1839.5117,2,2
2024-12-28 00:00:00.000 UTC,-58.54912381739074,0,1
2024-12-27 00:00:00.000 UTC,2976.9801194688384,2,1
2024-12-26 00:00:00.000 UTC,-3000,1,1
2024-12-25 00:00:00.000 UTC,333.10919707,1,0
2024-12-24 00:00:00.000 UTC,-739.065246337028,2,2
2024-12-23 00:00:00.000 UTC,-207.64458661483013,3,1
2024-12-22 00:00:00.000 UTC,6723.075124596625,1,3
2024-12-21 00:00:00.000 UTC,3763.4640920785687,1,1
2024-12-20 00:00:00.000 UTC,822.644598821128,2,1
2024-12-19 00:00:00.000 UTC,15935.036856177638,6,0
2024-12-18 00:00:00.000 UTC,-16960.640899743637,6,11
2024-12-17 00:00:00.000 UTC,-198830.0070204274,3,2
2024-12-16 00:00:00.000 UTC,2222.3021241704582,2,0
2024-12-15 00:00:00.000 UTC,1180.8030611111194,3,1
2024-12-14 00:00:00.000 UTC,2352.9742168192824,2,0
2024-12-13 00:00:00.000 UTC,21412.35018438943,7,0
2024-12-12 00:00:00.000 UTC,14245.405610849179,9,1
2024-12-11 00:00:00.000 UTC,6788.757643958486,19,0
2024-12-10 00:00:00.000 UTC,88548.10654925034,35,1
2024-12-09 00:00:00.000 UTC,6995.047348677045,5,0
2024-12-08 00:00:00.000 UTC,48827.50767693359,6,0
2024-12-07 00:00:00.000 UTC,32616.315573390486,3,1
2024-12-06 00:00:00.000 UTC,-13932.14689128059,0,3
2024-12-05 00:00:00.000 UTC,224.89948610129798,3,0
2024-12-04 00:00:00.000 UTC,7.497466444648353,8,2
2024-12-03 00:00:00.000 UTC,-3591.0703940205003,5,1
2024-12-02 00:00:00.000 UTC,1000,1,0
2024-11-30 00:00:00.000 UTC,-98,1,2
2024-11-29 00:00:00.000 UTC,100,1,0
2024-11-28 00:00:00.000 UTC,108,1,0
2024-11-27 00:00:00.000 UTC,-1000,0,1
2024-11-26 00:00:00.000 UTC,-494609.1714387047,0,39
2024-11-25 00:00:00.000 UTC,-4849.6247,1,4
2024-11-24 00:00:00.000 UTC,6640.6671,2,0
2024-11-23 00:00:00.000 UTC,358,1,0
2024-11-22 00:00:00.000 UTC,-1564.1912926769721,2,2
2024-11-21 00:00:00.000 UTC,29,1,0
2024-11-20 00:00:00.000 UTC,208.0585971984633,6,1
2024-11-19 00:00:00.000 UTC,3109.106467221422,3,0
2024-11-17 00:00:00.000 UTC,391.84839824518775,1,0
2024-11-16 00:00:00.000 UTC,-1565,0,2
2024-11-14 00:00:00.000 UTC,-700,0,1
2024-11-13 00:00:00.000 UTC,12338.916207482649,1,1
2024-11-12 00:00:00.000 UTC,-35386,0,2
2024-11-10 00:00:00.000 UTC,-720,0,1
2024-11-08 00:00:00.000 UTC,-4008.814723313481,4,3
2024-11-07 00:00:00.000 UTC,3550,8,0
2024-11-06 00:00:00.000 UTC,2280,5,0
2024-11-05 00:00:00.000 UTC,-6647.247235219761,4,2
2024-11-04 00:00:00.000 UTC,522.7772658561595,1,1
2024-11-03 00:00:00.000 UTC,-250,0,1
2024-11-02 00:00:00.000 UTC,1643.1644366771907,1,0
2024-11-01 00:00:00.000 UTC,-708.083898839246,0,1
2024-10-31 00:00:00.000 UTC,51999.99999999999,4,0
2024-10-30 00:00:00.000 UTC,6103.7478157962405,11,1
2024-10-29 00:00:00.000 UTC,3103,3,1
2024-10-28 00:00:00.000 UTC,1732.3590446157204,2,0
2024-10-27 00:00:00.000 UTC,3460,2,0
2024-10-26 00:00:00.000 UTC,1306,4,0
2024-10-25 00:00:00.000 UTC,911.3437174652353,3,0
2024-10-24 00:00:00.000 UTC,812.2722534922176,2,0
2024-10-23 00:00:00.000 UTC,53301.806742688204,10,0
2024-10-22 00:00:00.000 UTC,2890.265009416857,3,0
2024-10-21 00:00:00.000 UTC,4975.228972686845,6,2
2024-10-20 00:00:00.000 UTC,15200,5,1
2024-10-19 00:00:00.000 UTC,3442.9971489064146,3,0
2024-10-18 00:00:00.000 UTC,354.72046014353873,4,1
2024-10-17 00:00:00.000 UTC,-65244.65385002931,4,2
2024-10-16 00:00:00.000 UTC,6355.134224674895,5,1
2024-10-15 00:00:00.000 UTC,7626.2844212657,10,1
2024-10-14 00:00:00.000 UTC,16526.40210759356,4,2
2024-10-13 00:00:00.000 UTC,-10134.8770121274,3,3
2024-10-12 00:00:00.000 UTC,-900,0,1
2024-10-11 00:00:00.000 UTC,-345.91459999999995,1,1
2024-10-10 00:00:00.000 UTC,37426.25218420376,7,2
2024-10-09 00:00:00.000 UTC,26766.999999999996,6,2
2024-10-08 00:00:00.000 UTC,2999.8167552473774,1,0
2024-10-07 00:00:00.000 UTC,1338.53,4,0
2024-10-06 00:00:00.000 UTC,363,1,0
2024-10-05 00:00:00.000 UTC,-50,1,1
2024-10-04 00:00:00.000 UTC,195001.25254514444,4,1
2024-10-03 00:00:00.000 UTC,1150,3,2
2024-10-02 00:00:00.000 UTC,2019.73990698,5,2
2024-10-01 00:00:00.000 UTC,406.4632144643971,2,0
2024-09-29 00:00:00.000 UTC,-120,1,2
2024-09-28 00:00:00.000 UTC,101.38215521136541,1,0
2024-09-27 00:00:00.000 UTC,-38942.17140698,6,3
2024-09-26 00:00:00.000 UTC,-902.1417690497242,3,1
2024-09-25 00:00:00.000 UTC,503,5,0
2024-09-24 00:00:00.000 UTC,101.40285988079165,1,0
2024-09-23 00:00:00.000 UTC,1136.39926786,2,0
2024-09-22 00:00:00.000 UTC,100,1,0
2024-09-21 00:00:00.000 UTC,120,1,1
2024-09-20 00:00:00.000 UTC,12120.85413062096,7,0
2024-09-19 00:00:00.000 UTC,300,1,1
2024-09-18 00:00:00.000 UTC,2086.797892406441,4,0
2024-09-17 00:00:00.000 UTC,1250,2,0
2024-09-16 00:00:00.000 UTC,3250,4,0
2024-09-15 00:00:00.000 UTC,2750,3,0
2024-09-14 00:00:00.000 UTC,5650,8,0
2024-09-13 00:00:00.000 UTC,17611.35856828804,29,7
2024-09-12 00:00:00.000 UTC,2402.7774155539105,6,1
2024-09-11 00:00:00.000 UTC,31,3,2
2024-09-10 00:00:00.000 UTC,9426.111763789382,12,3
2024-09-09 00:00:00.000 UTC,5400,7,0
2024-09-08 00:00:00.000 UTC,2360.083898839246,5,0
2024-09-07 00:00:00.000 UTC,2008.7000676921562,2,0
2024-09-06 00:00:00.000 UTC,10966.43179605564,12,0
2024-09-05 00:00:00.000 UTC,27053.984985391733,32,1
2024-09-04 00:00:00.000 UTC,735.6732556406444,3,12
2024-09-03 00:00:00.000 UTC,10271.560834909778,29,31
2024-09-02 00:00:00.000 UTC,-550,3,6
2024-09-01 00:00:00.000 UTC,10214.962287591063,4,1
2024-08-31 00:00:00.000 UTC,1205.8467238437129,4,1
2024-08-30 00:00:00.000 UTC,-765,2,4
2024-08-29 00:00:00.000 UTC,1688.8686858935048,6,2
2024-08-28 00:00:00.000 UTC,38400.770067255966,31,0
2024-08-27 00:00:00.000 UTC,8812.999628753805,15,0
2024-08-26 00:00:00.000 UTC,3618.5329676974084,8,0
2024-08-24 00:00:00.000 UTC,2960.2563369658656,4,1
2024-08-23 00:00:00.000 UTC,12408.135152834775,17,0
2024-08-22 00:00:00.000 UTC,25900,26,0
2024-08-21 00:00:00.000 UTC,11853.719267079588,11,0
2024-08-20 00:00:00.000 UTC,2975,5,0
2024-08-19 00:00:00.000 UTC,-493529.67363028,8,1
2024-08-18 00:00:00.000 UTC,300.01,1,0
2024-08-17 00:00:00.000 UTC,3843.74145604,4,0
2024-08-16 00:00:00.000 UTC,-372822.9337213269,46,2
2024-08-15 00:00:00.000 UTC,13713.914379750062,30,0
2024-08-14 00:00:00.000 UTC,1200,10,5
2024-08-13 00:00:00.000 UTC,20267.770738189687,19,1
2024-08-12 00:00:00.000 UTC,5210.899178917032,8,3
2024-08-11 00:00:00.000 UTC,1050,1,0
2024-08-08 00:00:00.000 UTC,580,2,1
2024-08-07 00:00:00.000 UTC,900,2,0
2024-08-06 00:00:00.000 UTC,1892.3250267648434,3,0
2024-08-05 00:00:00.000 UTC,775,3,0
2024-08-03 00:00:00.000 UTC,-534.1534451139181,0,1
2024-08-02 00:00:00.000 UTC,1267,2,1
2024-08-01 00:00:00.000 UTC,-94204.99999999999,8,2
2024-07-31 00:00:00.000 UTC,3133,5,1
2024-07-29 00:00:00.000 UTC,-4007.1829575344964,4,2
2024-07-28 00:00:00.000 UTC,-5000,0,1
2024-07-27 00:00:00.000 UTC,92.4562,1,1
2024-07-26 00:00:00.000 UTC,488.2645929118088,3,0
2024-07-25 00:00:00.000 UTC,790.2904,2,0
2024-07-24 00:00:00.000 UTC,-49950,0,11
2024-07-23 00:00:00.000 UTC,57363.63535257783,5,0
2024-07-21 00:00:00.000 UTC,378.99612097718233,2,0
2024-07-18 00:00:00.000 UTC,4291.32647235768,3,1
2024-07-16 00:00:00.000 UTC,3093.594558657558,2,0
2024-07-15 00:00:00.000 UTC,37525,2,0
2024-07-13 00:00:00.000 UTC,31695.106047118534,2,0
2024-07-10 00:00:00.000 UTC,1.0325e+06,3,0
2024-07-09 00:00:00.000 UTC,-1295.04993976701,2,2
2024-07-08 00:00:00.000 UTC,62512.73663221695,4,0
2024-07-07 00:00:00.000 UTC,5.519149539701253,1,0
2024-07-06 00:00:00.000 UTC,7849.999999999999,1,0
2024-07-05 00:00:00.000 UTC,12505.999999999998,2,0
2024-07-03 00:00:00.000 UTC,4788.669138996225,1,0
2024-07-02 00:00:00.000 UTC,-11893.989633688325,6,1
2024-07-01 00:00:00.000 UTC,32460.351852361156,3,1
2024-06-30 00:00:00.000 UTC,13059.701531802137,4,0
2024-06-29 00:00:00.000 UTC,8059.893111196306,3,0
2024-06-28 00:00:00.000 UTC,7163.356744411056,6,0
2024-06-27 00:00:00.000 UTC,1547.9341325517184,2,1
2024-06-26 00:00:00.000 UTC,1360.156041968282,1,0
2024-06-25 00:00:00.000 UTC,6869.573997612652,8,2
2024-06-22 00:00:00.000 UTC,-500,0,1
2024-06-20 00:00:00.000 UTC,1308.2663045797242,1,0
2024-06-19 00:00:00.000 UTC,992.34532919,1,0
2024-06-18 00:00:00.000 UTC,-223.863,0,2
2024-06-17 00:00:00.000 UTC,54997.59332277999,2,0
2024-06-16 00:00:00.000 UTC,-2000,0,1
2024-06-14 00:00:00.000 UTC,-167.7495781994438,0,1
2024-06-13 00:00:00.000 UTC,333.80317831696874,1,0
2024-06-11 00:00:00.000 UTC,-1151.0710656200001,1,1
2024-06-10 00:00:00.000 UTC,-600,0,1
2024-06-09 00:00:00.000 UTC,-1000,0,1
2024-06-05 00:00:00.000 UTC,534.1534451139181,1,0
2024-06-03 00:00:00.000 UTC,-29.793130645169583,1,1
2024-06-01 00:00:00.000 UTC,-143,0,1
2024-05-31 00:00:00.000 UTC,-350,0,1
2024-05-30 00:00:00.000 UTC,-109.875,0,1
2024-05-27 00:00:00.000 UTC,-44657.79501973557,0,1
2024-05-26 00:00:00.000 UTC,-1000,0,1
2024-05-25 00:00:00.000 UTC,-1600,0,1
2024-05-24 00:00:00.000 UTC,-1903.6260155910159,0,2
2024-05-23 00:00:00.000 UTC,-250.738,0,1
2024-05-22 00:00:00.000 UTC,-145,0,1
2024-05-14 00:00:00.000 UTC,-500,0,1
2024-05-13 00:00:00.000 UTC,3117.0588056121705,1,0
2024-05-12 00:00:00.000 UTC,6385.212196495922,1,0
2024-05-09 00:00:00.000 UTC,781.274322514761,1,2
2024-05-07 00:00:00.000 UTC,-979.3733772368257,1,1
2024-05-06 00:00:00.000 UTC,-1000,0,1
2024-05-05 00:00:00.000 UTC,-1391,0,3
2024-05-04 00:00:00.000 UTC,-4060.3455438086316,0,1
2024-05-02 00:00:00.000 UTC,-863.1924651079728,0,1
2024-05-01 00:00:00.000 UTC,-300,0,1
2024-04-30 00:00:00.000 UTC,-1106.9096723753,0,1
2024-04-29 00:00:00.000 UTC,37270,1,2
2024-04-28 00:00:00.000 UTC,-380,0,1
2024-04-27 00:00:00.000 UTC,-3139.248617525405,1,5
2024-04-26 00:00:00.000 UTC,2.3205204437469718,1,1
2024-04-25 00:00:00.000 UTC,-1150.838,0,2
2024-04-24 00:00:00.000 UTC,-750.9391297231821,0,1
2024-04-22 00:00:00.000 UTC,5070.944438935312,3,0
2024-04-21 00:00:00.000 UTC,49938.035646093726,2,1
2024-04-20 00:00:00.000 UTC,-250,0,1
2024-04-19 00:00:00.000 UTC,12499.999999999998,1,0
2024-04-18 00:00:00.000 UTC,8504.1094,1,1
2024-04-17 00:00:00.000 UTC,-254.24241373036057,1,3
2024-04-16 00:00:00.000 UTC,2760.447120898891,1,0
2024-04-15 00:00:00.000 UTC,22866.05182014,3,0
2024-04-14 00:00:00.000 UTC,0,1,1
2024-04-11 00:00:00.000 UTC,-2000,0,2
2024-04-10 00:00:00.000 UTC,1155.606012805386,2,0
2024-04-09 00:00:00.000 UTC,-900.4807023647282,1,1
2024-04-06 00:00:00.000 UTC,24999.999999999996,1,0
2024-04-05 00:00:00.000 UTC,50000,2,0
2024-04-04 00:00:00.000 UTC,-486.32505774457024,0,1
2024-04-03 00:00:00.000 UTC,944.6978088566767,2,1
2024-04-01 00:00:00.000 UTC,1500,1,0
2024-03-30 00:00:00.000 UTC,196.9106497723485,2,2
2024-03-29 00:00:00.000 UTC,-500,0,1
2024-03-27 00:00:00.000 UTC,12303,1,0
2024-03-26 00:00:00.000 UTC,-517.6081593499999,0,1
2024-03-25 00:00:00.000 UTC,-330,0,3
2024-03-24 00:00:00.000 UTC,-200,0,2
2024-03-23 00:00:00.000 UTC,26315.68794717402,2,3
2024-03-22 00:00:00.000 UTC,26170.827049735297,3,0
2024-03-21 00:00:00.000 UTC,3039.02992572,1,0
2024-03-20 00:00:00.000 UTC,127.59260384576064,1,0
2024-03-19 00:00:00.000 UTC,331.51846686863405,1,0
2024-03-16 00:00:00.000 UTC,69000,1,1
2024-03-15 00:00:00.000 UTC,-2495.991728482304,0,2
2024-03-14 00:00:00.000 UTC,10295.239743943841,5,2
2024-03-12 00:00:00.000 UTC,3025.4108860311962,1,1
2024-03-11 00:00:00.000 UTC,-33049.48211440246,1,3
2024-03-10 00:00:00.000 UTC,-99999.99999999999,0,1
2024-03-09 00:00:00.000 UTC,-8167.54768764813,1,2
2024-03-07 00:00:00.000 UTC,29931.73791334481,1,1
2024-03-06 00:00:00.000 UTC,778725.5399660273,2,3
2024-03-05 00:00:00.000 UTC,-259136.93352976456,0,4
2024-03-04 00:00:00.000 UTC,5000,1,0
2024-03-03 00:00:00.000 UTC,-793290.4852306911,0,8
2024-02-28 00:00:00.000 UTC,0,1,1
2024-02-27 00:00:00.000 UTC,4400.445284841981,1,0
2024-02-26 00:00:00.000 UTC,-178.07392721,0,1
2024-02-25 00:00:00.000 UTC,-44603,0,3
2024-02-24 00:00:00.000 UTC,-59187.714222985414,0,1
2024-02-23 00:00:00.000 UTC,-2000,0,2
2024-02-22 00:00:00.000 UTC,-1000,0,1
2024-02-21 00:00:00.000 UTC,196974.4600339728,1,2
2024-02-20 00:00:00.000 UTC,309859.60052299534,2,2
2024-02-18 00:00:00.000 UTC,78659.33646860765,4,2
2024-02-16 00:00:00.000 UTC,5000,1,0
2024-02-14 00:00:00.000 UTC,8103.803526890028,3,1
2024-02-12 00:00:00.000 UTC,944486.0285,1,0
2024-02-11 00:00:00.000 UTC,1695.9917284823039,3,0
2024-02-10 00:00:00.000 UTC,148042.5284,2,0
2024-02-09 00:00:00.000 UTC,-96408.86610000001,1,1
2024-02-06 00:00:00.000 UTC,142424.8661,1,1
2024-02-05 00:00:00.000 UTC,21829.422714295033,6,0
2024-02-04 00:00:00.000 UTC,1.0406875614859385e+06,5,0
2024-02-03 00:00:00.000 UTC,15000,3,0
2024-02-02 00:00:00.000 UTC,144793.88310001,2,0
2024-02-01 00:00:00.000 UTC,195167.68415157462,4,0
2024-01-31 00:00:00.000 UTC,399999.99999999994,1,0
2024-01-29 00:00:00.000 UTC,635.0940297645272,2,0
2024-01-28 00:00:00.000 UTC,30.65725331,1,0
2024-01-27 00:00:00.000 UTC,7.238214581846097e+06,2,1
2024-01-26 00:00:00.000 UTC,4765.471838438276,4,0
2024-01-25 00:00:00.000 UTC,750.9391297231821,1,0
2024-01-24 00:00:00.000 UTC,208224.06394249687,4,1
2024-01-22 00:00:00.000 UTC,2479.70158037935,2,1
2024-01-21 00:00:00.000 UTC,3795.33911538377,3,0
2024-01-19 00:00:00.000 UTC,2636.421147394564,2,0
2024-01-18 00:00:00.000 UTC,-500,1,2
2024-01-17 00:00:00.000 UTC,2239.237014044473,1,0
2024-01-16 00:00:00.000 UTC,101.09105813000001,1,0
2024-01-12 00:00:00.000 UTC,-1180,0,1
2024-01-11 00:00:00.000 UTC,99999.99999999999,1,0
2024-01-08 00:00:00.000 UTC,806282.2646,1,0
2024-01-05 00:00:00.000 UTC,250090.55665916446,2,0
2024-01-03 00:00:00.000 UTC,512.5124653836684,1,0
2024-01-02 00:00:00.000 UTC,724.7438000000001,2,0
2024-01-01 00:00:00.000 UTC,101,1,0
2023-12-31 00:00:00.000 UTC,-2000,0,2
2023-12-26 00:00:00.000 UTC,167.1193486655449,1,0
2023-12-24 00:00:00.000 UTC,1443.7813052899999,1,0
2023-12-21 00:00:00.000 UTC,40444.69158238177,3,0
2023-12-15 00:00:00.000 UTC,409.73310061,1,0
2023-12-14 00:00:00.000 UTC,500,1,0
2023-12-11 00:00:00.000 UTC,207974.13928498205,1,0
2023-12-10 00:00:00.000 UTC,161.95589320129557,2,1
2023-12-09 00:00:00.000 UTC,957.8425350078523,1,1
2023-12-07 00:00:00.000 UTC,3000,1,1
2023-12-06 00:00:00.000 UTC,-354369.2159,0,1
2023-12-05 00:00:00.000 UTC,350369.2159,1,0
2023-12-04 00:00:00.000 UTC,-103231.5768,0,1
2023-11-27 00:00:00.000 UTC,83221.25740536998,1,1
2023-11-23 00:00:00.000 UTC,312.53208171,1,0
2023-11-22 00:00:00.000 UTC,-895.75758627,1,1
2023-11-20 00:00:00.000 UTC,-46000,0,2
2023-11-19 00:00:00.000 UTC,3640.1635574412294,4,1
2023-11-18 00:00:00.000 UTC,3178.7642360592645,3,0
2023-11-17 00:00:00.000 UTC,-51999.99999999999,0,3
2023-11-16 00:00:00.000 UTC,410757.11595122,2,0
2023-11-15 00:00:00.000 UTC,339.08547415,1,0
2023-11-14 00:00:00.000 UTC,-141315.37232961316,1,2
2023-11-13 00:00:00.000 UTC,-45899.509870254115,1,1
2023-11-12 00:00:00.000 UTC,-104200.57238511999,0,4
2023-11-10 00:00:00.000 UTC,656.61910013,1,0
2023-11-09 00:00:00.000 UTC,-99999.99999999999,0,1
2023-11-08 00:00:00.000 UTC,-66941,0,2
2023-11-04 00:00:00.000 UTC,-230.91548612300733,1,1
2023-11-03 00:00:00.000 UTC,14176.349540819629,1,2
2023-11-02 00:00:00.000 UTC,9454.248222221377,5,0
2023-11-01 00:00:00.000 UTC,-99309.68040553697,1,1
2023-10-31 00:00:00.000 UTC,600,1,1
2023-10-30 00:00:00.000 UTC,2442.18546560382,2,0
2023-10-29 00:00:00.000 UTC,-1000,1,2
2023-10-27 00:00:00.000 UTC,9788.288468466792,6,0
2023-10-26 00:00:00.000 UTC,40000,2,2
2023-10-25 00:00:00.000 UTC,-256789.63929207553,1,2
2023-10-24 00:00:00.000 UTC,42086.41124138743,4,2
2023-10-23 00:00:00.000 UTC,858.5285805779589,2,0
2023-10-22 00:00:00.000 UTC,17287.098934088917,3,2
2023-10-21 00:00:00.000 UTC,56597.83143683,4,2
2023-10-20 00:00:00.000 UTC,5664.497388996343,6,2
2023-10-19 00:00:00.000 UTC,13546.830108829628,20,2
2023-10-18 00:00:00.000 UTC,84758.32092586823,26,1
2023-10-17 00:00:00.000 UTC,13102.06685541,21,1
2023-10-16 00:00:00.000 UTC,12963.568701508011,6,0
2023-10-14 00:00:00.000 UTC,1136,1,0
2023-10-13 00:00:00.000 UTC,1401.13557219519,2,0
2023-10-12 00:00:00.000 UTC,783603.5194806025,4,0
2023-10-11 00:00:00.000 UTC,2750,5,0
2023-10-10 00:00:00.000 UTC,21010.23709463,3,0
2023-10-09 00:00:00.000 UTC,1528.41521582,3,0
2023-10-06 00:00:00.000 UTC,904.18736674,2,0
2023-10-05 00:00:00.000 UTC,5719.65639666763,4,1
2023-10-04 00:00:00.000 UTC,600,1,0
2023-10-03 00:00:00.000 UTC,657.2944619460277,3,0
2023-10-02 00:00:00.000 UTC,150057.52864814398,2,0
2023-09-30 00:00:00.000 UTC,11701.8133,2,0
2023-09-29 00:00:00.000 UTC,10957.312500000002,2,0
2023-09-28 00:00:00.000 UTC,123593.78821736094,3,0
2023-09-27 00:00:00.000 UTC,146943.53434042563,1,2
2023-09-26 00:00:00.000 UTC,350100,3,0
2023-09-25 00:00:00.000 UTC,400,4,4
2023-09-24 00:00:00.000 UTC,-2120,0,3
2023-09-23 00:00:00.000 UTC,19182.386877580084,3,0
2023-09-22 00:00:00.000 UTC,100669.99565169406,3,0
2023-09-21 00:00:00.000 UTC,1955.890939262371,4,1
2023-09-19 00:00:00.000 UTC,120362.28675880685,7,0
2023-09-16 00:00:00.000 UTC,109.841,1,0
2023-09-15 00:00:00.000 UTC,1000,1,0
2023-09-12 00:00:00.000 UTC,517.6081593499999,1,0
2023-09-11 00:00:00.000 UTC,503.214571155239,2,0
2023-09-10 00:00:00.000 UTC,-999,0,1
2023-09-09 00:00:00.000 UTC,428.3396665018231,4,0
2023-09-08 00:00:00.000 UTC,104.01828968389601,1,0
2023-09-07 00:00:00.000 UTC,1.0198196937721832e+08,3,1
2023-09-06 00:00:00.000 UTC,923829.9411629977,3,0
2023-09-04 00:00:00.000 UTC,897101.06766822,2,1
2023-09-02 00:00:00.000 UTC,4.4203724152179705e+06,8,0
2023-09-01 00:00:00.000 UTC,4.630500232320519e+06,8,1
2023-08-31 00:00:00.000 UTC,398991.99999999994,1,1
2023-08-30 00:00:00.000 UTC,2208,3,1
2023-08-29 00:00:00.000 UTC,2023.4211318990565,3,1
2023-08-28 00:00:00.000 UTC,-857,1,1
2023-08-27 00:00:00.000 UTC,5193.625823545135,3,0
2023-08-26 00:00:00.000 UTC,301,2,0
2023-08-25 00:00:00.000 UTC,191.54709625740932,2,0
2023-08-24 00:00:00.000 UTC,3.4825999999999995e+06,3,0
2023-08-23 00:00:00.000 UTC,351500,3,0
2023-08-22 00:00:00.000 UTC,21088.626015591017,3,1
2023-08-21 00:00:00.000 UTC,5862.1320983508695,6,0
2023-08-20 00:00:00.000 UTC,750.3390221945122,2,0
2023-08-19 00:00:00.000 UTC,13061.8395,5,0
2023-08-18 00:00:00.000 UTC,1849.9,3,0
2023-08-17 00:00:00.000 UTC,6493.60367768,13,0
2023-08-16 00:00:00.000 UTC,2360.493,9,3
2023-08-15 00:00:00.000 UTC,3.8021095e+06,5,1
2023-08-14 00:00:00.000 UTC,-142.08116428064818,3,3
2023-08-13 00:00:00.000 UTC,8878.76,8,1
2023-08-12 00:00:00.000 UTC,24014.80700263,28,0
2023-08-11 00:00:00.000 UTC,27992.179299818843,93,1
2023-08-10 00:00:00.000 UTC,219818.20533700447,92,0
2023-08-09 00:00:00.000 UTC,1.047485396522314e+06,130,3
2023-08-08 00:00:00.000 UTC,1.9003338013770755e+07,52,5
2023-08-01 00:00:00.000 UTC,800,2,0
